[
    {
        "title": "LohaCompanyltd_20191209_F-1_EX-10.16_11917878_EX-10.16_Supply Agreement",
        "text": "",
        "clauses": []
    },
    {
        "title": "CENTRACKINTERNATIONALINC_10_29_1999-EX-10.3-WEB SITE HOSTING AGREEMENT",
        "text": "",
        "clauses": []
    },
    {
        "title": "DovaPharmaceuticalsInc_20181108_10-Q_EX-10.2_11414857_EX-10.2_Promotion Agreement",
        "text": "",
        "clauses": []
    },
    {
        "title": "PACIRA PHARMACEUTICALS, INC. - A_R STRATEGIC LICENSING, DISTRIBUTION AND MARKETING AGREEMENT ",
        "text": "",
        "clauses": []
    },
    {
        "title": "ThriventVariableInsuranceAccountB_20190701_N-6_EX-99.D(IV)_11720968_EX-99.D(IV)_Endorsement Agreement",
        "text": "",
        "clauses": []
    },
    {
        "title": "HERTZGLOBALHOLDINGS,INC_07_07_2016-EX-10.4-INTELLECTUAL PROPERTY AGREEMENT",
        "text": "",
        "clauses": []
    },
    {
        "title": "TUNIUCORP_03_06_2014-EX-10-COOPERATION AGREEMENT",
        "text": "",
        "clauses": []
    },
    {
        "title": "CYBERIANOUTPOSTINC_07_09_1998-EX-10.13-PROMOTION AGREEMENT",
        "text": "",
        "clauses": []
    },
    {
        "title": "MSCIINC_02_28_2008-EX-10.10-",
        "text": "",
        "clauses": []
    },
    {
        "title": "CHERRYHILLMORTGAGEINVESTMENTCORP_09_26_2013-EX-10.1-Strategic Alliance Agreement",
        "text": "",
        "clauses": []
    },
    {
        "title": "WASTE2ENERGYHOLDINGS,INC_06_03_2010-EX-10.2-STRATEGIC ALLIANCE AGREEMENT",
        "text": "",
        "clauses": []
    },
    {
        "title": "GridironBionutrientsInc_20171206_8-K_EX-10.2_10972556_EX-10.2_Endorsement Agreement",
        "text": "",
        "clauses": []
    },
    {
        "title": "FreezeTagInc_20180411_8-K_EX-10.1_11139603_EX-10.1_Sponsorship Agreement",
        "text": "",
        "clauses": []
    },
    {
        "title": "WEBHELPCOMINC_03_22_2000-EX-10.8-HOSTING AGREEMENT",
        "text": "",
        "clauses": []
    },
    {
        "title": "Columbia Laboratories, (Bermuda) Ltd. - AMEND NO. 2 TO MANUFACTURING AND SUPPLY AGREEMENT",
        "text": "",
        "clauses": []
    },
    {
        "title": "N2KINC_10_16_1997-EX-10.16-SPONSORSHIP AGREEMENT",
        "text": "",
        "clauses": []
    },
    {
        "title": "ArconicRolledProductsCorp_20191217_10-12B_EX-2.7_11923804_EX-2.7_Trademark License Agreement",
        "text": "",
        "clauses": []
    },
    {
        "title": "STWRESOURCESHOLDINGCORP_08_06_2014-EX-10.1-COOPERATION AGREEMENT",
        "text": "",
        "clauses": []
    },
    {
        "title": "HarpoonTherapeuticsInc_20200312_10-K_EX-10.18_12051356_EX-10.18_Development Agreement",
        "text": "",
        "clauses": []
    },
    {
        "title": "CardlyticsInc_20180112_S-1_EX-10.16_11002987_EX-10.16_Maintenance Agreement3",
        "text": "",
        "clauses": []
    },
    {
        "title": "AIRSPANNETWORKSINC_04_11_2000-EX-10.5-Distributor Agreement",
        "text": "",
        "clauses": []
    },
    {
        "title": "GRANTIERRAENERGYINC_05_07_2012-EX-10.6-TRANSPORTATION CONTRACT",
        "text": "",
        "clauses": []
    },
    {
        "title": "VIVINT SOLAR, INC. - NON-COMPETITION AGREEMENT",
        "text": "",
        "clauses": []
    },
    {
        "title": "CHIPMOSTECHNOLOGIESBERMUDALTD_04_18_2016-EX-4.72-Strategic Alliance Agreement",
        "text": "",
        "clauses": []
    },
    {
        "title": "RitterPharmaceuticalsInc_20200313_S-4A_EX-10.54_12055220_EX-10.54_Development Agreement",
        "text": "",
        "clauses": []
    },
    {
        "title": "AMBASSADOREYEWEARGROUPINC_11_17_1997-EX-10.28-ENDORSEMENT AGREEMENT",
        "text": "",
        "clauses": []
    },
    {
        "title": "USASYNTHETICFUELCORP_10_21_2010-EX-10.10-STRATEGIC ALLIANCE AGREEMENT",
        "text": "",
        "clauses": []
    },
    {
        "title": "WESTERN COPPER - NON-COMPETITION AGREEMENT",
        "text": "",
        "clauses": []
    },
    {
        "title": "HEMISPHERX - Sales, Marketing, Distribution, and Supply Agreement",
        "text": "",
        "clauses": []
    },
    {
        "title": "MphaseTechnologiesInc_20030911_10-K_EX-10.15_1560667_EX-10.15_Co-Branding Agreement",
        "text": "",
        "clauses": []
    },
    {
        "title": "BABCOCK_WILCOXENTERPRISES,INC_08_04_2015-EX-10.17-INTELLECTUAL PROPERTY AGREEMENT between THE BABCOCK _ WILCOX COMPANY and BABCOCK _ WILCOX ENTERPRISES, INC.",
        "text": "",
        "clauses": []
    },
    {
        "title": "VAPOTHERM, INC. - Manufacturing and Supply Agreement",
        "text": "",
        "clauses": []
    },
    {
        "title": "PLAYAHOTELS_RESORTSNV_03_14_2017-EX-10.22-STRATEGIC ALLIANCE AGREEMENT (Hyatt Ziva Cancun)",
        "text": "",
        "clauses": []
    },
    {
        "title": "SPOKHOLDINGS,INC_06_19_2020-EX-10.1-COOPERATION AGREEMENT",
        "text": "",
        "clauses": []
    },
    {
        "title": "RMRGROUPINC_01_22_2020-EX-99.1-JOINT FILING AGREEMENT",
        "text": "",
        "clauses": []
    },
    {
        "title": "PRIMEENERGYRESOURCESCORP_04_02_2007-EX-10.28-COMPLETION AND LIQUIDITY MAINTENANCE AGREEMENT",
        "text": "",
        "clauses": []
    },
    {
        "title": "AgapeAtpCorp_20191202_10-KA_EX-10.1_11911128_EX-10.1_Supply Agreement",
        "text": "",
        "clauses": []
    },
    {
        "title": "PhoenixNewMediaLtd_20110421_F-1_EX-10.17_6958322_EX-10.17_Content License Agreement",
        "text": "",
        "clauses": []
    },
    {
        "title": "ONEMAINHOLDINGS,INC_02_20_2020-EX-99.D-JOINT FILING AGREEMENT",
        "text": "",
        "clauses": []
    },
    {
        "title": "BerkshireHillsBancorpInc_20120809_10-Q_EX-10.16_7708169_EX-10.16_Endorsement Agreement",
        "text": "",
        "clauses": []
    },
    {
        "title": "VALENCETECHNOLOGYINC_02_14_2003-EX-10-JOINT VENTURE CONTRACT",
        "text": "",
        "clauses": []
    },
    {
        "title": "Quaker Chemical Corporation - NON COMPETITION AND NON SOLICITATION AGREEMENT",
        "text": "",
        "clauses": []
    },
    {
        "title": "GpaqAcquisitionHoldingsInc_20200123_S-4A_EX-10.8_11951679_EX-10.8_Service Agreement",
        "text": "",
        "clauses": []
    },
    {
        "title": "SUCAMPOPHARMACEUTICALS,INC_11_04_2015-EX-10.2-STRATEGIC ALLIANCE AGREEMENT",
        "text": "",
        "clauses": []
    },
    {
        "title": "KENTUCKYUTILITIESCO_03_25_2003-EX-10.65-TRANSPORTATION AGREEMENT",
        "text": "",
        "clauses": []
    },
    {
        "title": "AFSALABANCORPINC_08_01_1996-EX-1.1-AGENCY AGREEMENT",
        "text": "",
        "clauses": []
    },
    {
        "title": "SigaTechnologiesInc_20190603_8-K_EX-10.1_11695818_EX-10.1_Promotion Agreement",
        "text": "",
        "clauses": []
    },
    {
        "title": "HPILHOLDING_01_07_2015-EX-99.1-COOPERATION AGREEMENT",
        "text": "",
        "clauses": []
    },
    {
        "title": "FEDERATEDGOVERNMENTINCOMESECURITIESINC_04_28_2020-EX-99.SERV AGREE-SERVICES AGREEMENT_POWEROF",
        "text": "",
        "clauses": []
    },
    {
        "title": "CURAEGISTECHNOLOGIES,INC_05_26_2010-EX-1-CORPORATE SPONSORSHIP AGREEMENT",
        "text": "",
        "clauses": []
    },
    {
        "title": "GridironBionutrientsInc_20171206_8-K_EX-10.1_10972555_EX-10.1_Endorsement Agreement",
        "text": "",
        "clauses": []
    },
    {
        "title": "WOMENSGOLFUNLIMITEDINC_03_29_2000-EX-10.13-ENDORSEMENT AGREEMENT",
        "text": "",
        "clauses": []
    },
    {
        "title": "ScansourceInc_20190509_10-Q_EX-10.2_11661422_EX-10.2_Distributor Agreement",
        "text": "",
        "clauses": []
    },
    {
        "title": "SoupmanInc_20150814_8-K_EX-10.1_9230148_EX-10.1_Franchise Agreement4",
        "text": "",
        "clauses": []
    },
    {
        "title": "BOLIVARMININGCORP_05_23_2003-EX-2.1-VISP WEB SITE BUILDING AND HOSTING AGREEMENT",
        "text": "",
        "clauses": []
    },
    {
        "title": "GALERATHERAPEUTICS,INC_02_14_2020-EX-99.A-JOINT FILING AGREEMENT",
        "text": "",
        "clauses": []
    },
    {
        "title": "Reinsurance Group of America, Incorporated - A_R REMARKETING  AGREEMENT",
        "text": "",
        "clauses": []
    },
    {
        "title": "PaperexchangeComInc_20000322_S-1A_EX-10.4_5202103_EX-10.4_Co-Branding Agreement",
        "text": "",
        "clauses": []
    },
    {
        "title": "BIOPURECORP_06_30_1999-EX-10.13-AGENCY AGREEMENT",
        "text": "",
        "clauses": []
    },
    {
        "title": "TRIZETTOGROUPINC_08_18_1999-EX-10.17-TECHNICAL INFRASTRUCTURE MAINTENANCE AGREEMENT",
        "text": "",
        "clauses": []
    },
    {
        "title": "SPIENERGYCO,LTD_07_10_2014-EX-10-Cooperation Agreement of 50MWp Photovoltaic Grid-connected Power Generation Project in Yangqiao of~1",
        "text": "",
        "clauses": []
    },
    {
        "title": "SoupmanInc_20150814_8-K_EX-10.1_9230148_EX-10.1_Franchise Agreement1",
        "text": "",
        "clauses": []
    },
    {
        "title": "IntegrityMediaInc_20010329_10-K405_EX-10.17_2373875_EX-10.17_Co-Branding Agreement",
        "text": "",
        "clauses": []
    },
    {
        "title": "WatchitMediaInc_20061201_8-K_EX-10.1_4148672_EX-10.1_Content License Agreement",
        "text": "",
        "clauses": []
    },
    {
        "title": "OMINTO,INC_03_29_2004-EX-10-RESELLER AGREEMENT",
        "text": "",
        "clauses": []
    },
    {
        "title": "GSITECHNOLOGYINC_11_16_2009-EX-10.2-INTELLECTUAL PROPERTY AGREEMENT between SONY ELECTRONICS INC. and GSI TECHNOLOGY, INC.",
        "text": "",
        "clauses": []
    },
    {
        "title": "MusclepharmCorp_20170208_10-KA_EX-10.38_9893581_EX-10.38_Co-Branding Agreement",
        "text": "",
        "clauses": []
    },
    {
        "title": "PAXMEDICA,INC_07_02_2020-EX-10.12-Master Service Agreement",
        "text": "",
        "clauses": []
    },
    {
        "title": "DRIVENDELIVERIES,INC_05_22_2020-EX-10.4-CONSULTING AGREEMENT",
        "text": "",
        "clauses": []
    },
    {
        "title": "HALITRON,INC_03_01_2005-EX-10.15-SPONSORSHIP AND DEVELOPMENT AGREEMENT",
        "text": "",
        "clauses": []
    },
    {
        "title": "WestPharmaceuticalServicesInc_20200116_8-K_EX-10.1_11947529_EX-10.1_Supply Agreement",
        "text": "",
        "clauses": []
    },
    {
        "title": "PANDIONTHERAPEUTICSHOLDCOLLC_05_22_2020-EX-10.17-CONSULTING AGREEMENT",
        "text": "",
        "clauses": []
    },
    {
        "title": "BizzingoInc_20120322_8-K_EX-10.17_7504499_EX-10.17_Endorsement Agreement",
        "text": "",
        "clauses": []
    },
    {
        "title": "PHLVARIABLEINSURANCECOCT_08_17_2009-EX-10.1-STRATEGIC ALLIANCE AGREEMENT",
        "text": "",
        "clauses": []
    },
    {
        "title": "MFAFINANCIAL,INC_07_06_2020-EX-99.D-JOINT FILING AGREEMENT",
        "text": "",
        "clauses": []
    },
    {
        "title": "PROFOUNDMEDICALCORP_08_29_2019-EX-4.5-SUPPLY AGREEMENT",
        "text": "",
        "clauses": []
    },
    {
        "title": "TRICITYBANKSHARESCORP_05_15_1998-EX-10-OUTSOURCING AGREEMENT",
        "text": "",
        "clauses": []
    },
    {
        "title": "HC2HOLDINGS,INC_05_14_2020-EX-10.1-COOPERATION AGREEMENT",
        "text": "",
        "clauses": []
    },
    {
        "title": "Monsanto Company - SECOND A_R EXCLUSIVE AGENCY AND MARKETING AGREEMENT ",
        "text": "",
        "clauses": []
    },
    {
        "title": "ElPolloLocoHoldingsInc_20200306_10-K_EX-10.16_12041700_EX-10.16_Development Agreement",
        "text": "",
        "clauses": []
    },
    {
        "title": "ACCELERATEDTECHNOLOGIESHOLDINGCORP_04_24_2003-EX-10.13-JOINT VENTURE AGREEMENT",
        "text": "",
        "clauses": []
    },
    {
        "title": "SEASPINEHOLDINGSCORP_10_10_2018-EX-10.1-SUPPLY AGREEMENT",
        "text": "",
        "clauses": []
    },
    {
        "title": "HfEnterprisesInc_20191223_S-1_EX-10.22_11931299_EX-10.22_Development Agreement",
        "text": "",
        "clauses": []
    },
    {
        "title": "ICORECONNECTINC_10_13_2010-EX-7.1-Strategic Alliance Agreement",
        "text": "",
        "clauses": []
    },
    {
        "title": "TEARDROPGOLFCO_10_23_1996-EX-10.12-ENDORSEMENT AGREEMENT",
        "text": "",
        "clauses": []
    },
    {
        "title": "ScansourceInc_20190822_10-K_EX-10.39_11793959_EX-10.39_Distributor Agreement",
        "text": "",
        "clauses": []
    },
    {
        "title": "LOOKSMARTLTD_07_20_2012-EX-99.(D)(I)-SPONSORSHIP AGREEMENT",
        "text": "",
        "clauses": []
    },
    {
        "title": "PcquoteComInc_19990721_S-1A_EX-10.11_6377149_EX-10.11_Co-Branding Agreement2",
        "text": "",
        "clauses": []
    },
    {
        "title": "IMPCOTECHNOLOGIESINC_04_15_2003-EX-10.65-JOINT VENTURE AGREEMENT",
        "text": "",
        "clauses": []
    },
    {
        "title": "EbixInc_20010515_10-Q_EX-10.3_4049767_EX-10.3_Co-Branding Agreement",
        "text": "",
        "clauses": []
    },
    {
        "title": "EcoScienceSolutionsInc_20180406_8-K_EX-10.1_11135398_EX-10.1_Sponsorship Agreement",
        "text": "",
        "clauses": []
    },
    {
        "title": "GOOSEHEADINSURANCE,INC_04_02_2018-EX-10.6-Franchise Agreement",
        "text": "",
        "clauses": []
    },
    {
        "title": "IdeanomicsInc_20151124_8-K_EX-10.2_9354744_EX-10.2_Content License Agreement",
        "text": "",
        "clauses": []
    },
    {
        "title": "PRECIGEN,INC_01_22_2020-EX-99.1-JOINT FILING AGREEMENT",
        "text": "",
        "clauses": []
    },
    {
        "title": "PhotronicsInc_20171219_10-QA_EX-10.28_10982650_EX-10.28_Outsourcing Agreement",
        "text": "",
        "clauses": []
    },
    {
        "title": "EMERALDHEALTHTHERAPEUTICSINC_06_10_2020-EX-4.5-CONSULTING AGREEMENT - DR. GAETANO MORELLO N.D. INC.",
        "text": "",
        "clauses": []
    },
    {
        "title": "PcquoteComInc_19990721_S-1A_EX-10.11_6377149_EX-10.11_Co-Branding Agreement1",
        "text": "",
        "clauses": []
    },
    {
        "title": "ALCOSTORESINC_12_14_2005-EX-10.26-AGENCY AGREEMENT",
        "text": "",
        "clauses": []
    },
    {
        "title": "INGEVITYCORP_05_16_2016-EX-10.5-INTELLECTUAL PROPERTY AGREEMENT",
        "text": "",
        "clauses": []
    },
    {
        "title": "NOVOINTEGRATEDSCIENCES,INC_12_23_2019-EX-10.1-JOINT VENTURE AGREEMENT",
        "text": "",
        "clauses": []
    },
    {
        "title": "XinhuaSportsEntertainmentLtd_20070221_F-1_EX-99.4_645553_EX-99.4_Content License Agreement",
        "text": "",
        "clauses": []
    },
    {
        "title": "MERITLIFEINSURANCECO_06_19_2020-EX-10.(XIV)-MASTER SERVICES AGREEMENT",
        "text": "",
        "clauses": []
    }
]